{
    "path" : "MHO",
    "data" : {
      "jobp" : {
        "oh" : {
          "oh_aeversion" : "11.2",
          "oh_auto_deact" : "F",
          "oh_child_flags" : "00000000000000000000000000000000",
          "oh_cr_user_idnr" : "1000003",
          "oh_jpp_count" : "5",
          "oh_last_runs" : "AAAAAAAAAAAAAAAAAAAAAAAAAAAAAAAA",
          "oh_mod_user_idnr" : "1000003",
          "oh_mpelse" : "1",
          "oh_mrt_time" : "000000",
          "oh_name" : "JOBP.MHO",
          "oh_open_date" : "2018-05-24 13:34:13.0",
          "oh_open_session" : "1018193",
          "oh_open_user_idnr" : "1000003",
          "oh_otype" : "JOBP",
          "oh_ppfinherit" : "N",
          "oh_queue" : "CLIENT_QUEUE",
          "oh_versioning_id" : " "
        },
        "jpa" : {
          "jpa_reuse_host_group" : "1"
        },
        "jpp" : [ {
          "jpp_active" : "1",
          "jpp_child_flags" : "0000000000000000",
          "jpp_col" : "1",
          "jpp_lnr" : "1",
          "jpp_mrt_time" : "000000",
          "jpp_object" : "START",
          "jpp_otype" : "<START>",
          "jpp_row" : "1",
          "jpp_welse" : "S"
        }, {
          "jpp_active" : "1",
          "jpp_child_flags" : "0000000000000000",
          "jpp_col" : "2",
          "jpp_lnr" : "2",
          "jpp_mrt_time" : "000000",
          "jpp_object" : "PCK.AUTOMIC_FILESYSTEM.PUB.ACTION.DELETE",
          "jpp_otype" : "JOBP",
          "jpp_pre_cnt" : "1",
          "jpp_rollback_flag" : "1",
          "jpp_row" : "1",
          "jpp_welse" : "H"
        }, {
          "jpp_active" : "1",
          "jpp_child_flags" : "0000000000000000",
          "jpp_col" : "3",
          "jpp_lnr" : "3",
          "jpp_mrt_time" : "000000",
          "jpp_object" : "PCK.AUTOMIC_FILESYSTEM.PUB.ACTION.CREATE_FILE",
          "jpp_otype" : "JOBP",
          "jpp_pre_cnt" : "1",
          "jpp_rollback_flag" : "1",
          "jpp_row" : "1",
          "jpp_welse" : "H"
        }, {
          "jpp_active" : "1",
          "jpp_child_flags" : "0000000000000000",
          "jpp_col" : "4",
          "jpp_lnr" : "4",
          "jpp_mrt_time" : "000000",
          "jpp_object" : "PCK.AUTOMIC_FILESYSTEM.PUB.ACTION.COMPARE",
          "jpp_otype" : "JOBP",
          "jpp_pre_cnt" : "1",
          "jpp_rollback_flag" : "1",
          "jpp_row" : "1",
          "jpp_welse" : "H"
        }, {
          "jpp_active" : "1",
          "jpp_child_flags" : "0000000000000000",
          "jpp_col" : "5",
          "jpp_lnr" : "5",
          "jpp_mrt_time" : "000000",
          "jpp_object" : "END",
          "jpp_otype" : "<END>",
          "jpp_pre_cnt" : "1",
          "jpp_row" : "1",
          "jpp_welse" : "S"
        } ],
        "jppa" : [ {
          "jppa_jpp_lnr" : "2",
          "jppa_lnr" : "1",
          "jppa_pre_lnr" : "1",
          "jppa_when" : "ANY_OK"
        }, {
          "jppa_jpp_lnr" : "3",
          "jppa_lnr" : "1",
          "jppa_pre_lnr" : "2",
          "jppa_when" : "ANY_OK"
        }, {
          "jppa_jpp_lnr" : "4",
          "jppa_lnr" : "1",
          "jppa_pre_lnr" : "3",
          "jppa_when" : "ANY_OK"
        }, {
          "jppa_jpp_lnr" : "5",
          "jppa_lnr" : "1",
          "jppa_pre_lnr" : "4",
          "jppa_when" : "ANY_OK"
        } ],
        "jppv" : [ {
          "jppv_jpp_lnr" : "2",
          "jppv_opu_lnr" : "1",
          "jppv_pname" : "PCK.AUTOMIC_FILESYSTEM.PRV.PROMPTSET.COPY",
          "jppv_type" : "2",
          "jppv_vname" : "UC4RB_COPY_EXCLUDE#"
        }, {
          "jppv_jpp_lnr" : "2",
          "jppv_opu_lnr" : "1",
          "jppv_pname" : "PCK.AUTOMIC_FILESYSTEM.PRV.PROMPTSET.COPY",
          "jppv_type" : "2",
          "jppv_value" : "NO",
          "jppv_vname" : "UC4RB_DIR_FILE_CP_OVERWRITE#"
        }, {
          "jppv_jpp_lnr" : "2",
          "jppv_opu_lnr" : "1",
          "jppv_pname" : "PCK.AUTOMIC_FILESYSTEM.PRV.PROMPTSET.COPY",
          "jppv_type" : "2",
          "jppv_vname" : "UC4RB_DIR_FILE_CP_SOURCE#"
        }, {
          "jppv_jpp_lnr" : "2",
          "jppv_opu_lnr" : "1",
          "jppv_pname" : "PCK.AUTOMIC_FILESYSTEM.PRV.PROMPTSET.COPY",
          "jppv_type" : "2",
          "jppv_vname" : "UC4RB_DIR_FILE_CP_TARGET#"
        }, {
          "jppv_jpp_lnr" : "2",
          "jppv_opu_lnr" : "2",
          "jppv_pname" : "PCK.ITPA_SHARED.PRV.PROMPTSET.OVERWRITE_AGENT",
          "jppv_type" : "2",
          "jppv_vname" : "AGENT#"
        }, {
          "jppv_jpp_lnr" : "2",
          "jppv_opu_lnr" : "2",
          "jppv_pname" : "PCK.ITPA_SHARED.PRV.PROMPTSET.OVERWRITE_AGENT",
          "jppv_type" : "2",
          "jppv_vname" : "LOGIN#"
        }, {
          "jppv_jpp_lnr" : "3",
          "jppv_opu_lnr" : "1",
          "jppv_pname" : "PCK.AUTOMIC_FILESYSTEM.PRV.PROMPTSET.CREATE_FILE",
          "jppv_type" : "2",
          "jppv_vname" : "UC4RB_DIR_FILE_CREATE_FILE#"
        }, {
          "jppv_jpp_lnr" : "3",
          "jppv_opu_lnr" : "1",
          "jppv_pname" : "PCK.AUTOMIC_FILESYSTEM.PRV.PROMPTSET.CREATE_FILE",
          "jppv_type" : "2",
          "jppv_value" : "YES",
          "jppv_vname" : "UC4RB_DIR_FILE_FULL_PATH#"
        }, {
          "jppv_jpp_lnr" : "3",
          "jppv_opu_lnr" : "2",
          "jppv_pname" : "PCK.ITPA_SHARED.PRV.PROMPTSET.OVERWRITE_AGENT",
          "jppv_type" : "2",
          "jppv_vname" : "AGENT#"
        }, {
          "jppv_jpp_lnr" : "3",
          "jppv_opu_lnr" : "2",
          "jppv_pname" : "PCK.ITPA_SHARED.PRV.PROMPTSET.OVERWRITE_AGENT",
          "jppv_type" : "2",
          "jppv_vname" : "LOGIN#"
        }, {
          "jppv_jpp_lnr" : "4",
          "jppv_opu_lnr" : "1",
          "jppv_pname" : "PCK.AUTOMIC_FILESYSTEM.PRV.PROMPTSET.COMPARE",
          "jppv_type" : "2",
          "jppv_vname" : "UC4RB_FILE_BASE_PATH#"
        }, {
          "jppv_jpp_lnr" : "4",
          "jppv_opu_lnr" : "1",
          "jppv_pname" : "PCK.AUTOMIC_FILESYSTEM.PRV.PROMPTSET.COMPARE",
          "jppv_type" : "2",
          "jppv_vname" : "UC4RB_FILE_COMPARE_PATH#"
        }, {
          "jppv_jpp_lnr" : "4",
          "jppv_opu_lnr" : "1",
          "jppv_pname" : "PCK.AUTOMIC_FILESYSTEM.PRV.PROMPTSET.COMPARE",
          "jppv_type" : "2",
          "jppv_value" : "NEITHER",
          "jppv_vname" : "UC4RB_FILE_FAIL#"
        }, {
          "jppv_jpp_lnr" : "4",
          "jppv_opu_lnr" : "1",
          "jppv_pname" : "PCK.AUTOMIC_FILESYSTEM.PRV.PROMPTSET.COMPARE",
          "jppv_type" : "2",
          "jppv_value" : "MD-5",
          "jppv_vname" : "UC4RB_FILE_FUNCTION#"
        }, {
          "jppv_jpp_lnr" : "4",
          "jppv_opu_lnr" : "1",
          "jppv_pname" : "PCK.AUTOMIC_FILESYSTEM.PRV.PROMPTSET.COMPARE",
          "jppv_type" : "2",
          "jppv_value" : "NONE",
          "jppv_vname" : "UC4RB_FILE_OUTPUT#"
        }, {
          "jppv_jpp_lnr" : "4",
          "jppv_opu_lnr" : "2",
          "jppv_pname" : "PCK.ITPA_SHARED.PRV.PROMPTSET.OVERWRITE_AGENT",
          "jppv_type" : "2",
          "jppv_vname" : "AGENT#"
        }, {
          "jppv_jpp_lnr" : "4",
          "jppv_opu_lnr" : "2",
          "jppv_pname" : "PCK.ITPA_SHARED.PRV.PROMPTSET.OVERWRITE_AGENT",
          "jppv_type" : "2",
          "jppv_vname" : "LOGIN#"
        } ],
        "orb" : { }
      }
    }
  }